{"cameraMode":{"drawMode":0,"name":"Shaded","section":"Shading Mode"},"sceneLighting":true,"audioPlay":false,"sceneViewState":{"m_AlwaysRefresh":false,"showFog":true,"showSkybox":true,"showFlares":true,"showImageEffects":true,"showParticleSystems":true,"showVisualEffectGraphs":true,"m_FxEnabled":true},"in2DMode":false,"pivot":{"x":653.4407958984375,"y":269.4355163574219,"z":26.606779098510743},"rotation":{"x":0.11810354888439179,"y":-0.08448755741119385,"z":0.010095599107444287,"w":0.9893806576728821},"size":238.49618530273438,"orthographic":false}